<?xml version="1.0" encoding="UTF-8"?>
<configuration scan="true" scanPeriod=" 5 seconds">
    <!--定义日志文件的存储地址 勿在 LogBack 的配置中使用相对路径-->
    <property name="LOG_HOME" value="./logs" />
    <!-- 控制台输出 -->
    <appender name="STDOUT" class="ch.qos.logback.core.ConsoleAppender">
        <encoder class="ch.qos.logback.classic.encoder.PatternLayoutEncoder">
            <!--格式化输出：%d表示日期，%thread表示线程名，%-5level：级别从左显示5个字符宽度%msg：日志消息，%n是换行符-->
            <pattern>%d{yyyy-MM-dd HH:mm:ss.SSS} [%thread] %-5level %logger{50} - %msg%n</pattern>
        </encoder>
    </appender>
    <!-- 按照每天生成日志文件 -->
    <appender name="FILE" class="ch.qos.logback.core.rolling.RollingFileAppender">
        <File>${LOG_HOME}/server.log</File>
        <filter class="ch.qos.logback.classic.filter.LevelFilter">
            <level>ERROR</level>   <!--过滤掉error的级别-->
            <onMatch>DENY</onMatch>
            <onMismatch>ACCEPT</onMismatch>
        </filter>
        <rollingPolicy class="ch.qos.logback.core.rolling.TimeBasedRollingPolicy">
            <!--日志文件输出的文件名-->
            <FileNamePattern>${LOG_HOME}/server_%d{yyyy-MM-dd}.log.%i.gz</FileNamePattern>
            <timeBasedFileNamingAndTriggeringPolicy class="ch.qos.logback.core.rolling.SizeAndTimeBasedFNATP">
                    <!-- or whenever the file size reaches 100MB -->
                    <maxFileSize>512MB</maxFileSize>
            </timeBasedFileNamingAndTriggeringPolicy>
            <!--日志文件保留天数-->
            <MaxHistory>30</MaxHistory>
        </rollingPolicy>
        <encoder class="ch.qos.logback.classic.encoder.PatternLayoutEncoder">
            <!--格式化输出：%d表示日期，%thread表示线程名，%-5level：级别从左显示5个字符宽度%msg：日志消息，%n是换行符-->
            <pattern>%d{yyyy-MM-dd HH:mm:ss.SSS} [%thread] %-5level %logger{50} - %msg%n</pattern>
        </encoder>
    </appender>
    <!--打印错误日志-->
    <appender name="ERRORFILE" class="ch.qos.logback.core.rolling.RollingFileAppender">
        <File>${LOG_HOME}/error_server.log</File>    
        <filter class="ch.qos.logback.classic.filter.ThresholdFilter">
            <level>ERROR</level>  <!--//打印error-->
        </filter>
        <rollingPolicy class="ch.qos.logback.core.rolling.TimeBasedRollingPolicy">
                <!--日志文件输出的文件名-->
                <FileNamePattern>${LOG_HOME}/error_log_%d{yyyy-MM-dd}.log.%i.gz</FileNamePattern>
                <timeBasedFileNamingAndTriggeringPolicy class="ch.qos.logback.core.rolling.SizeAndTimeBasedFNATP">
                        <!-- or whenever the file size reaches 100MB -->
                        <maxFileSize>512MB</maxFileSize>
                </timeBasedFileNamingAndTriggeringPolicy>
                <!--日志文件保留天数-->
                <MaxHistory>180</MaxHistory>
        </rollingPolicy>
        <encoder class="ch.qos.logback.classic.encoder.PatternLayoutEncoder">
            <!--格式化输出：%d表示日期，%thread表示线程名，%-5level：级别从左显示5个字符宽度%msg：日志消息，%n是换行符-->
            <pattern>%d{yyyy-MM-dd HH:mm:ss.SSS} [%thread] %-5level %logger{50} - %msg%n</pattern>
        </encoder>
    </appender>

    <!-- 日志输出级别 -->
    <root level="INFO">
        <appender-ref ref="STDOUT"/>
        <appender-ref ref="FILE" />
        <appender-ref ref="ERRORFILE" />
    </root>
</configuration>
