<assembly>
    <id>1.0</id>
    <formats>
        <format>tar.gz</format>
    </formats>
    <fileSets>
        <fileSet>
            <directory>${basedir}/src/main/assembly/bin</directory>
            <outputDirectory>bin</outputDirectory>
            <fileMode>0755</fileMode>
        </fileSet>
        <fileSet>
            <directory>${basedir}/src/main/resources</directory>
            <outputDirectory>conf</outputDirectory>
            <includes>
                <include>**/*</include>
            </includes>
        </fileSet>
        <fileSet>
            <directory>${basedir}/target</directory>
            <outputDirectory>lib</outputDirectory>
            <includes>
                <include>*.jar</include>
            </includes>
        </fileSet>
        <fileSet>
            <directory>${basedir}/src/main/resources</directory>
            <outputDirectory>logs</outputDirectory>
            <excludes>
                <exclude>**/*</exclude>
            </excludes>
        </fileSet>
    </fileSets>
</assembly>